config,archetype,cohort,setting,n,power
base,AoN POD,onlypos,low,50,4e-4
base,AoN POD,onlypos,low,75,0.002
base,AoN POD,onlypos,low,100,0.009
base,AoN POD,onlypos,low,125,0.012
base,AoN POD,onlypos,low,150,0.0206
base,AoN POD,onlypos,low,175,0.0348
base,AoN POD,onlypos,low,200,0.0434
base,AoN POD,onlypos,low,250,0.0746
base,AoN POD,onlypos,low,325,0.0998
base,AoN POD,onlypos,low,400,0.1304
base,AoN POD,onlypos,low,500,0.1754
base,AoN POD,onlypos,low,750,0.2962
base,AoN POD,onlypos,low,1000,0.3958
base,AoN POD,onlypos,low,1500,0.5828
base,AoN POD,onlypos,low,2000,0.7192
base,AoN POD,onlypos,low,2500,0.8186
base,AoN POD,onlypos,low,3000,0.8892
base,AoN POD,onlypos,low,3500,0.935
base,AoN POD,onlypos,low,4000,0.9602
base,AoN POD,onlypos,low,4500,0.975
base,AoN POD,onlypos,low,5000,0.98740000000000006
base,AoN POD,onlypos,medium,50,0.002
base,AoN POD,onlypos,medium,75,0.0076
base,AoN POD,onlypos,medium,100,0.0162
base,AoN POD,onlypos,medium,125,0.038
base,AoN POD,onlypos,medium,150,0.046
base,AoN POD,onlypos,medium,175,0.0634
base,AoN POD,onlypos,medium,200,0.078
base,AoN POD,onlypos,medium,250,0.1094
base,AoN POD,onlypos,medium,325,0.163
base,AoN POD,onlypos,medium,400,0.2006
base,AoN POD,onlypos,medium,500,0.2642
base,AoN POD,onlypos,medium,750,0.4258
base,AoN POD,onlypos,medium,1000,0.5522
base,AoN POD,onlypos,medium,1500,0.7364
base,AoN POD,onlypos,medium,2000,0.8682
base,AoN POD,onlypos,medium,2500,0.933
base,AoN POD,onlypos,medium,3000,0.9692
base,AoN POD,onlypos,medium,3500,0.9872
base,AoN POD,onlypos,medium,4000,0.9938
base,AoN POD,onlypos,medium,4500,0.9968
base,AoN POD,onlypos,medium,5000,0.999
base,AoN POD,onlypos,high,50,0.0926
base,AoN POD,onlypos,high,75,0.1602
base,AoN POD,onlypos,high,100,0.2146
base,AoN POD,onlypos,high,125,0.2734
base,AoN POD,onlypos,high,150,0.3358
base,AoN POD,onlypos,high,175,0.4134
base,AoN POD,onlypos,high,200,0.4694
base,AoN POD,onlypos,high,250,0.5662
base,AoN POD,onlypos,high,325,0.7094
base,AoN POD,onlypos,high,400,0.7996
base,AoN POD,onlypos,high,500,0.8908
base,AoN POD,onlypos,high,750,0.9818
base,AoN POD,onlypos,high,1000,0.997
base,AoN POD,onlypos,high,1500,1
base,AoN POD,onlypos,high,2000,1
base,AoN POD,onlypos,high,2500,1
base,AoN POD,onlypos,high,3000,1
base,AoN POD,onlypos,high,3500,1
base,AoN POD,onlypos,high,4000,1
base,AoN POD,onlypos,high,4500,1
base,AoN POD,onlypos,high,5000,1
base,AoN POD,all,low,50,2e-4
base,AoN POD,all,low,75,2e-4
base,AoN POD,all,low,100,8e-4
base,AoN POD,all,low,125,6e-4
base,AoN POD,all,low,150,0.0048
base,AoN POD,all,low,175,0.0066
base,AoN POD,all,low,200,0.0108
base,AoN POD,all,low,250,0.0252
base,AoN POD,all,low,325,0.034
base,AoN POD,all,low,400,0.0558
base,AoN POD,all,low,500,0.0884
base,AoN POD,all,low,750,0.1568
base,AoN POD,all,low,1000,0.2102
base,AoN POD,all,low,1500,0.3536
base,AoN POD,all,low,2000,0.4704
base,AoN POD,all,low,2500,0.5664
base,AoN POD,all,low,3000,0.6538
base,AoN POD,all,low,3500,0.7292
base,AoN POD,all,low,4000,0.8
base,AoN POD,all,low,4500,0.841
base,AoN POD,all,low,5000,0.879
base,AoN POD,all,medium,50,6e-4
base,AoN POD,all,medium,75,0.0038
base,AoN POD,all,medium,100,0.0122
base,AoN POD,all,medium,125,0.0228
base,AoN POD,all,medium,150,0.033
base,AoN POD,all,medium,175,0.051
base,AoN POD,all,medium,200,0.066
base,AoN POD,all,medium,250,0.0792
base,AoN POD,all,medium,325,0.135
base,AoN POD,all,medium,400,0.1626
base,AoN POD,all,medium,500,0.2236
base,AoN POD,all,medium,750,0.3448
base,AoN POD,all,medium,1000,0.4616
base,AoN POD,all,medium,1500,0.6608
base,AoN POD,all,medium,2000,0.7914
base,AoN POD,all,medium,2500,0.8856
base,AoN POD,all,medium,3000,0.9306
base,AoN POD,all,medium,3500,0.9664
base,AoN POD,all,medium,4000,0.981
base,AoN POD,all,medium,4500,0.9906
base,AoN POD,all,medium,5000,0.9958
base,AoN POD,all,high,50,0.0994
base,AoN POD,all,high,75,0.165
base,AoN POD,all,high,100,0.259
base,AoN POD,all,high,125,0.3282
base,AoN POD,all,high,150,0.3934
base,AoN POD,all,high,175,0.4642
base,AoN POD,all,high,200,0.5156
base,AoN POD,all,high,250,0.6306
base,AoN POD,all,high,325,0.7642
base,AoN POD,all,high,400,0.863
base,AoN POD,all,high,500,0.931
base,AoN POD,all,high,750,0.9886
base,AoN POD,all,high,1000,0.9992
base,AoN POD,all,high,1500,1
base,AoN POD,all,high,2000,1
base,AoN POD,all,high,2500,1
base,AoN POD,all,high,3000,1
base,AoN POD,all,high,3500,1
base,AoN POD,all,high,4000,1
base,AoN POD,all,high,4500,1
base,AoN POD,all,high,5000,1
base,AoN POD,onlyneg,low,50,0
base,AoN POD,onlyneg,low,75,0
base,AoN POD,onlyneg,low,100,0
base,AoN POD,onlyneg,low,125,0
base,AoN POD,onlyneg,low,150,2e-4
base,AoN POD,onlyneg,low,175,4e-4
base,AoN POD,onlyneg,low,200,0.0016
base,AoN POD,onlyneg,low,250,0.0038
base,AoN POD,onlyneg,low,325,0.007
base,AoN POD,onlyneg,low,400,0.0132
base,AoN POD,onlyneg,low,500,0.0262
base,AoN POD,onlyneg,low,750,0.0584
base,AoN POD,onlyneg,low,1000,0.0958
base,AoN POD,onlyneg,low,1500,0.164
base,AoN POD,onlyneg,low,2000,0.2278
base,AoN POD,onlyneg,low,2500,0.2954
base,AoN POD,onlyneg,low,3000,0.3568
base,AoN POD,onlyneg,low,3500,0.4296
base,AoN POD,onlyneg,low,4000,0.481
base,AoN POD,onlyneg,low,4500,0.5428
base,AoN POD,onlyneg,low,5000,0.5886
base,AoN POD,onlyneg,medium,50,0
base,AoN POD,onlyneg,medium,75,8e-4
base,AoN POD,onlyneg,medium,100,0.004
base,AoN POD,onlyneg,medium,125,0.0064
base,AoN POD,onlyneg,medium,150,0.0142
base,AoN POD,onlyneg,medium,175,0.0288
base,AoN POD,onlyneg,medium,200,0.0362
base,AoN POD,onlyneg,medium,250,0.057
base,AoN POD,onlyneg,medium,325,0.0818
base,AoN POD,onlyneg,medium,400,0.119
base,AoN POD,onlyneg,medium,500,0.1598
base,AoN POD,onlyneg,medium,750,0.244
base,AoN POD,onlyneg,medium,1000,0.3458
base,AoN POD,onlyneg,medium,1500,0.5104
base,AoN POD,onlyneg,medium,2000,0.6628
base,AoN POD,onlyneg,medium,2500,0.7608
base,AoN POD,onlyneg,medium,3000,0.8384
base,AoN POD,onlyneg,medium,3500,0.8956
base,AoN POD,onlyneg,medium,4000,0.9338
base,AoN POD,onlyneg,medium,4500,0.9554
base,AoN POD,onlyneg,medium,5000,0.9742
base,AoN POD,onlyneg,high,50,0.1428
base,AoN POD,onlyneg,high,75,0.2304
base,AoN POD,onlyneg,high,100,0.327
base,AoN POD,onlyneg,high,125,0.4154
base,AoN POD,onlyneg,high,150,0.5034
base,AoN POD,onlyneg,high,175,0.572
base,AoN POD,onlyneg,high,200,0.6334
base,AoN POD,onlyneg,high,250,0.7544
base,AoN POD,onlyneg,high,325,0.8632
base,AoN POD,onlyneg,high,400,0.9334
base,AoN POD,onlyneg,high,500,0.9712
base,AoN POD,onlyneg,high,750,0.998
base,AoN POD,onlyneg,high,1000,1
base,AoN POD,onlyneg,high,1500,1
base,AoN POD,onlyneg,high,2000,1
base,AoN POD,onlyneg,high,2500,1
base,AoN POD,onlyneg,high,3000,1
base,AoN POD,onlyneg,high,3500,1
base,AoN POD,onlyneg,high,4000,1
base,AoN POD,onlyneg,high,4500,1
base,AoN POD,onlyneg,high,5000,1
base,Leaky POD,onlypos,low,50,4e-4
base,Leaky POD,onlypos,low,75,0.0022
base,Leaky POD,onlypos,low,100,0.0084
base,Leaky POD,onlypos,low,125,0.0142
base,Leaky POD,onlypos,low,150,0.023
base,Leaky POD,onlypos,low,175,0.0328
base,Leaky POD,onlypos,low,200,0.047
base,Leaky POD,onlypos,low,250,0.0718
base,Leaky POD,onlypos,low,325,0.1034
base,Leaky POD,onlypos,low,400,0.133
base,Leaky POD,onlypos,low,500,0.1758
base,Leaky POD,onlypos,low,750,0.2856
base,Leaky POD,onlypos,low,1000,0.3828
base,Leaky POD,onlypos,low,1500,0.563
base,Leaky POD,onlypos,low,2000,0.7116
base,Leaky POD,onlypos,low,2500,0.7984
base,Leaky POD,onlypos,low,3000,0.8746
base,Leaky POD,onlypos,low,3500,0.923
base,Leaky POD,onlypos,low,4000,0.9524
base,Leaky POD,onlypos,low,4500,0.9708
base,Leaky POD,onlypos,low,5000,0.983
base,Leaky POD,onlypos,medium,50,0.002
base,Leaky POD,onlypos,medium,75,0.0048
base,Leaky POD,onlypos,medium,100,0.019
base,Leaky POD,onlypos,medium,125,0.0362
base,Leaky POD,onlypos,medium,150,0.0496
base,Leaky POD,onlypos,medium,175,0.064
base,Leaky POD,onlypos,medium,200,0.0706
base,Leaky POD,onlypos,medium,250,0.104
base,Leaky POD,onlypos,medium,325,0.147
base,Leaky POD,onlypos,medium,400,0.2004
base,Leaky POD,onlypos,medium,500,0.2542
base,Leaky POD,onlypos,medium,750,0.3874
base,Leaky POD,onlypos,medium,1000,0.519
base,Leaky POD,onlypos,medium,1500,0.7114
base,Leaky POD,onlypos,medium,2000,0.8384
base,Leaky POD,onlypos,medium,2500,0.915
base,Leaky POD,onlypos,medium,3000,0.9554
base,Leaky POD,onlypos,medium,3500,0.979
base,Leaky POD,onlypos,medium,4000,0.9904
base,Leaky POD,onlypos,medium,4500,0.9954
base,Leaky POD,onlypos,medium,5000,0.9982
base,Leaky POD,onlypos,high,50,0.0792
base,Leaky POD,onlypos,high,75,0.1302
base,Leaky POD,onlypos,high,100,0.1886
base,Leaky POD,onlypos,high,125,0.24
base,Leaky POD,onlypos,high,150,0.29
base,Leaky POD,onlypos,high,175,0.3464
base,Leaky POD,onlypos,high,200,0.3912
base,Leaky POD,onlypos,high,250,0.4902
base,Leaky POD,onlypos,high,325,0.6142
base,Leaky POD,onlypos,high,400,0.715
base,Leaky POD,onlypos,high,500,0.8178
base,Leaky POD,onlypos,high,750,0.9458
base,Leaky POD,onlypos,high,1000,0.9864
base,Leaky POD,onlypos,high,1500,0.9994
base,Leaky POD,onlypos,high,2000,1
base,Leaky POD,onlypos,high,2500,1
base,Leaky POD,onlypos,high,3000,1
base,Leaky POD,onlypos,high,3500,1
base,Leaky POD,onlypos,high,4000,1
base,Leaky POD,onlypos,high,4500,1
base,Leaky POD,onlypos,high,5000,1
base,Leaky POD,all,low,50,2e-4
base,Leaky POD,all,low,75,0
base,Leaky POD,all,low,100,6e-4
base,Leaky POD,all,low,125,0.001
base,Leaky POD,all,low,150,0.0044
base,Leaky POD,all,low,175,0.0072
base,Leaky POD,all,low,200,0.0152
base,Leaky POD,all,low,250,0.0252
base,Leaky POD,all,low,325,0.0402
base,Leaky POD,all,low,400,0.0552
base,Leaky POD,all,low,500,0.0894
base,Leaky POD,all,low,750,0.1504
base,Leaky POD,all,low,1000,0.2012
base,Leaky POD,all,low,1500,0.3278
base,Leaky POD,all,low,2000,0.444
base,Leaky POD,all,low,2500,0.5332
base,Leaky POD,all,low,3000,0.626
base,Leaky POD,all,low,3500,0.6956
base,Leaky POD,all,low,4000,0.7676
base,Leaky POD,all,low,4500,0.8164
base,Leaky POD,all,low,5000,0.8534
base,Leaky POD,all,medium,50,4e-4
base,Leaky POD,all,medium,75,0.005
base,Leaky POD,all,medium,100,0.0094
base,Leaky POD,all,medium,125,0.0226
base,Leaky POD,all,medium,150,0.0306
base,Leaky POD,all,medium,175,0.048
base,Leaky POD,all,medium,200,0.054
base,Leaky POD,all,medium,250,0.085
base,Leaky POD,all,medium,325,0.113
base,Leaky POD,all,medium,400,0.1548
base,Leaky POD,all,medium,500,0.2052
base,Leaky POD,all,medium,750,0.3184
base,Leaky POD,all,medium,1000,0.4296
base,Leaky POD,all,medium,1500,0.6178
base,Leaky POD,all,medium,2000,0.7508
base,Leaky POD,all,medium,2500,0.846
base,Leaky POD,all,medium,3000,0.903
base,Leaky POD,all,medium,3500,0.9498
base,Leaky POD,all,medium,4000,0.967
base,Leaky POD,all,medium,4500,0.982
base,Leaky POD,all,medium,5000,0.991
base,Leaky POD,all,high,50,0.0874
base,Leaky POD,all,high,75,0.1482
base,Leaky POD,all,high,100,0.2192
base,Leaky POD,all,high,125,0.2826
base,Leaky POD,all,high,150,0.3212
base,Leaky POD,all,high,175,0.387
base,Leaky POD,all,high,200,0.4436
base,Leaky POD,all,high,250,0.5466
base,Leaky POD,all,high,325,0.6816
base,Leaky POD,all,high,400,0.7732
base,Leaky POD,all,high,500,0.867
base,Leaky POD,all,high,750,0.967
base,Leaky POD,all,high,1000,0.9928
base,Leaky POD,all,high,1500,1
base,Leaky POD,all,high,2000,1
base,Leaky POD,all,high,2500,1
base,Leaky POD,all,high,3000,1
base,Leaky POD,all,high,3500,1
base,Leaky POD,all,high,4000,1
base,Leaky POD,all,high,4500,1
base,Leaky POD,all,high,5000,1
base,Leaky POD,onlyneg,low,50,0
base,Leaky POD,onlyneg,low,75,0
base,Leaky POD,onlyneg,low,100,0
base,Leaky POD,onlyneg,low,125,0
base,Leaky POD,onlyneg,low,150,0
base,Leaky POD,onlyneg,low,175,4e-4
base,Leaky POD,onlyneg,low,200,0.002
base,Leaky POD,onlyneg,low,250,0.0024
base,Leaky POD,onlyneg,low,325,0.0076
base,Leaky POD,onlyneg,low,400,0.015
base,Leaky POD,onlyneg,low,500,0.021
base,Leaky POD,onlyneg,low,750,0.0572
base,Leaky POD,onlyneg,low,1000,0.0848
base,Leaky POD,onlyneg,low,1500,0.1474
base,Leaky POD,onlyneg,low,2000,0.202
base,Leaky POD,onlyneg,low,2500,0.2602
base,Leaky POD,onlyneg,low,3000,0.3194
base,Leaky POD,onlyneg,low,3500,0.3814
base,Leaky POD,onlyneg,low,4000,0.4244
base,Leaky POD,onlyneg,low,4500,0.478
base,Leaky POD,onlyneg,low,5000,0.527
base,Leaky POD,onlyneg,medium,50,4e-4
base,Leaky POD,onlyneg,medium,75,0.001
base,Leaky POD,onlyneg,medium,100,0.0044
base,Leaky POD,onlyneg,medium,125,0.0048
base,Leaky POD,onlyneg,medium,150,0.0122
base,Leaky POD,onlyneg,medium,175,0.0244
base,Leaky POD,onlyneg,medium,200,0.0346
base,Leaky POD,onlyneg,medium,250,0.0498
base,Leaky POD,onlyneg,medium,325,0.0722
base,Leaky POD,onlyneg,medium,400,0.1084
base,Leaky POD,onlyneg,medium,500,0.1436
base,Leaky POD,onlyneg,medium,750,0.2148
base,Leaky POD,onlyneg,medium,1000,0.2954
base,Leaky POD,onlyneg,medium,1500,0.4624
base,Leaky POD,onlyneg,medium,2000,0.5804
base,Leaky POD,onlyneg,medium,2500,0.6884
base,Leaky POD,onlyneg,medium,3000,0.7866
base,Leaky POD,onlyneg,medium,3500,0.8444
base,Leaky POD,onlyneg,medium,4000,0.891
base,Leaky POD,onlyneg,medium,4500,0.9264
base,Leaky POD,onlyneg,medium,5000,0.9506
base,Leaky POD,onlyneg,high,50,0.1222
base,Leaky POD,onlyneg,high,75,0.202
base,Leaky POD,onlyneg,high,100,0.2796
base,Leaky POD,onlyneg,high,125,0.356
base,Leaky POD,onlyneg,high,150,0.4288
base,Leaky POD,onlyneg,high,175,0.494
base,Leaky POD,onlyneg,high,200,0.5532
base,Leaky POD,onlyneg,high,250,0.662
base,Leaky POD,onlyneg,high,325,0.7872
base,Leaky POD,onlyneg,high,400,0.8682
base,Leaky POD,onlyneg,high,500,0.9388
base,Leaky POD,onlyneg,high,750,0.9904
base,Leaky POD,onlyneg,high,1000,0.9984
base,Leaky POD,onlyneg,high,1500,1
base,Leaky POD,onlyneg,high,2000,1
base,Leaky POD,onlyneg,high,2500,1
base,Leaky POD,onlyneg,high,3000,1
base,Leaky POD,onlyneg,high,3500,1
base,Leaky POD,onlyneg,high,4000,1
base,Leaky POD,onlyneg,high,4500,1
base,Leaky POD,onlyneg,high,5000,1
base,AoN POD/POI,onlypos,low,50,4e-4
base,AoN POD/POI,onlypos,low,75,0.0018
base,AoN POD/POI,onlypos,low,100,0.0064
base,AoN POD/POI,onlypos,low,125,0.0132
base,AoN POD/POI,onlypos,low,150,0.0224
base,AoN POD/POI,onlypos,low,175,0.0356
base,AoN POD/POI,onlypos,low,200,0.0506
base,AoN POD/POI,onlypos,low,250,0.0824
base,AoN POD/POI,onlypos,low,325,0.1166
base,AoN POD/POI,onlypos,low,400,0.1322
base,AoN POD/POI,onlypos,low,500,0.2016
base,AoN POD/POI,onlypos,low,750,0.3128
base,AoN POD/POI,onlypos,low,1000,0.4084
base,AoN POD/POI,onlypos,low,1500,0.6222
base,AoN POD/POI,onlypos,low,2000,0.751
base,AoN POD/POI,onlypos,low,2500,0.8484
base,AoN POD/POI,onlypos,low,3000,0.9116
base,AoN POD/POI,onlypos,low,3500,0.9498
base,AoN POD/POI,onlypos,low,4000,0.9728
base,AoN POD/POI,onlypos,low,4500,0.9864
base,AoN POD/POI,onlypos,low,5000,0.993
base,AoN POD/POI,onlypos,medium,50,0.0024
base,AoN POD/POI,onlypos,medium,75,0.0068
base,AoN POD/POI,onlypos,medium,100,0.019
base,AoN POD/POI,onlypos,medium,125,0.037
base,AoN POD/POI,onlypos,medium,150,0.053
base,AoN POD/POI,onlypos,medium,175,0.0732
base,AoN POD/POI,onlypos,medium,200,0.0822
base,AoN POD/POI,onlypos,medium,250,0.1252
base,AoN POD/POI,onlypos,medium,325,0.1834
base,AoN POD/POI,onlypos,medium,400,0.2378
base,AoN POD/POI,onlypos,medium,500,0.3146
base,AoN POD/POI,onlypos,medium,750,0.4878
base,AoN POD/POI,onlypos,medium,1000,0.6
base,AoN POD/POI,onlypos,medium,1500,0.8008
base,AoN POD/POI,onlypos,medium,2000,0.914
base,AoN POD/POI,onlypos,medium,2500,0.9646
base,AoN POD/POI,onlypos,medium,3000,0.9864
base,AoN POD/POI,onlypos,medium,3500,0.9946
base,AoN POD/POI,onlypos,medium,4000,0.9976
base,AoN POD/POI,onlypos,medium,4500,0.9998
base,AoN POD/POI,onlypos,medium,5000,0.9994
base,AoN POD/POI,onlypos,high,50,0.122
base,AoN POD/POI,onlypos,high,75,0.2256
base,AoN POD/POI,onlypos,high,100,0.3504
base,AoN POD/POI,onlypos,high,125,0.4314
base,AoN POD/POI,onlypos,high,150,0.515
base,AoN POD/POI,onlypos,high,175,0.6014
base,AoN POD/POI,onlypos,high,200,0.664
base,AoN POD/POI,onlypos,high,250,0.7696
base,AoN POD/POI,onlypos,high,325,0.8832
base,AoN POD/POI,onlypos,high,400,0.9466
base,AoN POD/POI,onlypos,high,500,0.9814
base,AoN POD/POI,onlypos,high,750,0.999
base,AoN POD/POI,onlypos,high,1000,1
base,AoN POD/POI,onlypos,high,1500,1
base,AoN POD/POI,onlypos,high,2000,1
base,AoN POD/POI,onlypos,high,2500,1
base,AoN POD/POI,onlypos,high,3000,1
base,AoN POD/POI,onlypos,high,3500,1
base,AoN POD/POI,onlypos,high,4000,1
base,AoN POD/POI,onlypos,high,4500,1
base,AoN POD/POI,onlypos,high,5000,1
base,AoN POD/POI,all,low,50,2e-4
base,AoN POD/POI,all,low,75,2e-4
base,AoN POD/POI,all,low,100,0.001
base,AoN POD/POI,all,low,125,0.0018
base,AoN POD/POI,all,low,150,0.0044
base,AoN POD/POI,all,low,175,0.0082
base,AoN POD/POI,all,low,200,0.015
base,AoN POD/POI,all,low,250,0.0242
base,AoN POD/POI,all,low,325,0.0484
base,AoN POD/POI,all,low,400,0.0806
base,AoN POD/POI,all,low,500,0.1224
base,AoN POD/POI,all,low,750,0.2242
base,AoN POD/POI,all,low,1000,0.3072
base,AoN POD/POI,all,low,1500,0.4932
base,AoN POD/POI,all,low,2000,0.641
base,AoN POD/POI,all,low,2500,0.739
base,AoN POD/POI,all,low,3000,0.8194
base,AoN POD/POI,all,low,3500,0.881
base,AoN POD/POI,all,low,4000,0.9266
base,AoN POD/POI,all,low,4500,0.9508
base,AoN POD/POI,all,low,5000,0.9728
base,AoN POD/POI,all,medium,50,4e-4
base,AoN POD/POI,all,medium,75,0.0054
base,AoN POD/POI,all,medium,100,0.0112
base,AoN POD/POI,all,medium,125,0.0272
base,AoN POD/POI,all,medium,150,0.048
base,AoN POD/POI,all,medium,175,0.0738
base,AoN POD/POI,all,medium,200,0.0848
base,AoN POD/POI,all,medium,250,0.1194
base,AoN POD/POI,all,medium,325,0.192
base,AoN POD/POI,all,medium,400,0.2546
base,AoN POD/POI,all,medium,500,0.3352
base,AoN POD/POI,all,medium,750,0.5222
base,AoN POD/POI,all,medium,1000,0.6798
base,AoN POD/POI,all,medium,1500,0.8596
base,AoN POD/POI,all,medium,2000,0.943
base,AoN POD/POI,all,medium,2500,0.9816
base,AoN POD/POI,all,medium,3000,0.994
base,AoN POD/POI,all,medium,3500,0.9986
base,AoN POD/POI,all,medium,4000,0.9998
base,AoN POD/POI,all,medium,4500,0.9998
base,AoN POD/POI,all,medium,5000,1
base,AoN POD/POI,all,high,50,0.1906
base,AoN POD/POI,all,high,75,0.3352
base,AoN POD/POI,all,high,100,0.498
base,AoN POD/POI,all,high,125,0.5758
base,AoN POD/POI,all,high,150,0.6762
base,AoN POD/POI,all,high,175,0.747
base,AoN POD/POI,all,high,200,0.825
base,AoN POD/POI,all,high,250,0.9124
base,AoN POD/POI,all,high,325,0.9746
base,AoN POD/POI,all,high,400,0.9896
base,AoN POD/POI,all,high,500,0.9992
base,AoN POD/POI,all,high,750,1
base,AoN POD/POI,all,high,1000,1
base,AoN POD/POI,all,high,1500,1
base,AoN POD/POI,all,high,2000,1
base,AoN POD/POI,all,high,2500,1
base,AoN POD/POI,all,high,3000,1
base,AoN POD/POI,all,high,3500,1
base,AoN POD/POI,all,high,4000,1
base,AoN POD/POI,all,high,4500,1
base,AoN POD/POI,all,high,5000,1
base,AoN POD/POI,onlyneg,low,50,0
base,AoN POD/POI,onlyneg,low,75,0
base,AoN POD/POI,onlyneg,low,100,0
base,AoN POD/POI,onlyneg,low,125,0
base,AoN POD/POI,onlyneg,low,150,2e-4
base,AoN POD/POI,onlyneg,low,175,6e-4
base,AoN POD/POI,onlyneg,low,200,0.0024
base,AoN POD/POI,onlyneg,low,250,0.0042
base,AoN POD/POI,onlyneg,low,325,0.0098
base,AoN POD/POI,onlyneg,low,400,0.0262
base,AoN POD/POI,onlyneg,low,500,0.0512
base,AoN POD/POI,onlyneg,low,750,0.1336
base,AoN POD/POI,onlyneg,low,1000,0.252
base,AoN POD/POI,onlyneg,low,1500,0.444
base,AoN POD/POI,onlyneg,low,2000,0.59
base,AoN POD/POI,onlyneg,low,2500,0.7172
base,AoN POD/POI,onlyneg,low,3000,0.8034
base,AoN POD/POI,onlyneg,low,3500,0.8724
base,AoN POD/POI,onlyneg,low,4000,0.9204
base,AoN POD/POI,onlyneg,low,4500,0.9532
base,AoN POD/POI,onlyneg,low,5000,0.9652
base,AoN POD/POI,onlyneg,medium,50,4e-4
base,AoN POD/POI,onlyneg,medium,75,0.0016
base,AoN POD/POI,onlyneg,medium,100,0.0062
base,AoN POD/POI,onlyneg,medium,125,0.012
base,AoN POD/POI,onlyneg,medium,150,0.0294
base,AoN POD/POI,onlyneg,medium,175,0.0542
base,AoN POD/POI,onlyneg,medium,200,0.0736
base,AoN POD/POI,onlyneg,medium,250,0.133
base,AoN POD/POI,onlyneg,medium,325,0.2198
base,AoN POD/POI,onlyneg,medium,400,0.3126
base,AoN POD/POI,onlyneg,medium,500,0.4274
base,AoN POD/POI,onlyneg,medium,750,0.64
base,AoN POD/POI,onlyneg,medium,1000,0.7852
base,AoN POD/POI,onlyneg,medium,1500,0.9426
base,AoN POD/POI,onlyneg,medium,2000,0.9842
base,AoN POD/POI,onlyneg,medium,2500,0.9958
base,AoN POD/POI,onlyneg,medium,3000,0.9994
base,AoN POD/POI,onlyneg,medium,3500,1
base,AoN POD/POI,onlyneg,medium,4000,1
base,AoN POD/POI,onlyneg,medium,4500,1
base,AoN POD/POI,onlyneg,medium,5000,1
base,AoN POD/POI,onlyneg,high,50,0.3748
base,AoN POD/POI,onlyneg,high,75,0.6064
base,AoN POD/POI,onlyneg,high,100,0.7752
base,AoN POD/POI,onlyneg,high,125,0.8744
base,AoN POD/POI,onlyneg,high,150,0.9226
base,AoN POD/POI,onlyneg,high,175,0.9684
base,AoN POD/POI,onlyneg,high,200,0.9844
base,AoN POD/POI,onlyneg,high,250,0.9966
base,AoN POD/POI,onlyneg,high,325,0.9996
base,AoN POD/POI,onlyneg,high,400,1
base,AoN POD/POI,onlyneg,high,500,1
base,AoN POD/POI,onlyneg,high,750,1
base,AoN POD/POI,onlyneg,high,1000,1
base,AoN POD/POI,onlyneg,high,1500,1
base,AoN POD/POI,onlyneg,high,2000,1
base,AoN POD/POI,onlyneg,high,2500,1
base,AoN POD/POI,onlyneg,high,3000,1
base,AoN POD/POI,onlyneg,high,3500,1
base,AoN POD/POI,onlyneg,high,4000,1
base,AoN POD/POI,onlyneg,high,4500,1
base,AoN POD/POI,onlyneg,high,5000,1
base,Leaky POD/POI,onlypos,low,50,8e-4
base,Leaky POD/POI,onlypos,low,75,0.0022
base,Leaky POD/POI,onlypos,low,100,0.0086
base,Leaky POD/POI,onlypos,low,125,0.0124
base,Leaky POD/POI,onlypos,low,150,0.0254
base,Leaky POD/POI,onlypos,low,175,0.0342
base,Leaky POD/POI,onlypos,low,200,0.054
base,Leaky POD/POI,onlypos,low,250,0.0742
base,Leaky POD/POI,onlypos,low,325,0.1068
base,Leaky POD/POI,onlypos,low,400,0.1334
base,Leaky POD/POI,onlypos,low,500,0.1888
base,Leaky POD/POI,onlypos,low,750,0.305
base,Leaky POD/POI,onlypos,low,1000,0.409
base,Leaky POD/POI,onlypos,low,1500,0.592
base,Leaky POD/POI,onlypos,low,2000,0.7394
base,Leaky POD/POI,onlypos,low,2500,0.8382
base,Leaky POD/POI,onlypos,low,3000,0.8976
base,Leaky POD/POI,onlypos,low,3500,0.9406
base,Leaky POD/POI,onlypos,low,4000,0.9648
base,Leaky POD/POI,onlypos,low,4500,0.9796
base,Leaky POD/POI,onlypos,low,5000,0.9882
base,Leaky POD/POI,onlypos,medium,50,0.003
base,Leaky POD/POI,onlypos,medium,75,0.0076
base,Leaky POD/POI,onlypos,medium,100,0.0202
base,Leaky POD/POI,onlypos,medium,125,0.0396
base,Leaky POD/POI,onlypos,medium,150,0.0588
base,Leaky POD/POI,onlypos,medium,175,0.0682
base,Leaky POD/POI,onlypos,medium,200,0.0848
base,Leaky POD/POI,onlypos,medium,250,0.1158
base,Leaky POD/POI,onlypos,medium,325,0.179
base,Leaky POD/POI,onlypos,medium,400,0.2306
base,Leaky POD/POI,onlypos,medium,500,0.3006
base,Leaky POD/POI,onlypos,medium,750,0.4502
base,Leaky POD/POI,onlypos,medium,1000,0.5844
base,Leaky POD/POI,onlypos,medium,1500,0.7838
base,Leaky POD/POI,onlypos,medium,2000,0.8946
base,Leaky POD/POI,onlypos,medium,2500,0.9504
base,Leaky POD/POI,onlypos,medium,3000,0.9776
base,Leaky POD/POI,onlypos,medium,3500,0.9918
base,Leaky POD/POI,onlypos,medium,4000,0.9962
base,Leaky POD/POI,onlypos,medium,4500,0.9984
base,Leaky POD/POI,onlypos,medium,5000,0.9994
base,Leaky POD/POI,onlypos,high,50,0.11
base,Leaky POD/POI,onlypos,high,75,0.2018
base,Leaky POD/POI,onlypos,high,100,0.2984
base,Leaky POD/POI,onlypos,high,125,0.3744
base,Leaky POD/POI,onlypos,high,150,0.4536
base,Leaky POD/POI,onlypos,high,175,0.5336
base,Leaky POD/POI,onlypos,high,200,0.595
base,Leaky POD/POI,onlypos,high,250,0.7144
base,Leaky POD/POI,onlypos,high,325,0.8306
base,Leaky POD/POI,onlypos,high,400,0.9032
base,Leaky POD/POI,onlypos,high,500,0.9624
base,Leaky POD/POI,onlypos,high,750,0.9968
base,Leaky POD/POI,onlypos,high,1000,0.9998
base,Leaky POD/POI,onlypos,high,1500,1
base,Leaky POD/POI,onlypos,high,2000,1
base,Leaky POD/POI,onlypos,high,2500,1
base,Leaky POD/POI,onlypos,high,3000,1
base,Leaky POD/POI,onlypos,high,3500,1
base,Leaky POD/POI,onlypos,high,4000,1
base,Leaky POD/POI,onlypos,high,4500,1
base,Leaky POD/POI,onlypos,high,5000,1
base,Leaky POD/POI,all,low,50,2e-4
base,Leaky POD/POI,all,low,75,4e-4
base,Leaky POD/POI,all,low,100,6e-4
base,Leaky POD/POI,all,low,125,0.001
base,Leaky POD/POI,all,low,150,0.005
base,Leaky POD/POI,all,low,175,0.0088
base,Leaky POD/POI,all,low,200,0.014
base,Leaky POD/POI,all,low,250,0.0292
base,Leaky POD/POI,all,low,325,0.0496
base,Leaky POD/POI,all,low,400,0.077
base,Leaky POD/POI,all,low,500,0.1226
base,Leaky POD/POI,all,low,750,0.2124
base,Leaky POD/POI,all,low,1000,0.2988
base,Leaky POD/POI,all,low,1500,0.4642
base,Leaky POD/POI,all,low,2000,0.6176
base,Leaky POD/POI,all,low,2500,0.7274
base,Leaky POD/POI,all,low,3000,0.811
base,Leaky POD/POI,all,low,3500,0.8708
base,Leaky POD/POI,all,low,4000,0.916
base,Leaky POD/POI,all,low,4500,0.945
base,Leaky POD/POI,all,low,5000,0.9656
base,Leaky POD/POI,all,medium,50,2e-4
base,Leaky POD/POI,all,medium,75,0.0048
base,Leaky POD/POI,all,medium,100,0.0136
base,Leaky POD/POI,all,medium,125,0.0312
base,Leaky POD/POI,all,medium,150,0.0386
base,Leaky POD/POI,all,medium,175,0.063
base,Leaky POD/POI,all,medium,200,0.0856
base,Leaky POD/POI,all,medium,250,0.1178
base,Leaky POD/POI,all,medium,325,0.1786
base,Leaky POD/POI,all,medium,400,0.2446
base,Leaky POD/POI,all,medium,500,0.3162
base,Leaky POD/POI,all,medium,750,0.4998
base,Leaky POD/POI,all,medium,1000,0.6446
base,Leaky POD/POI,all,medium,1500,0.8318
base,Leaky POD/POI,all,medium,2000,0.9294
base,Leaky POD/POI,all,medium,2500,0.9738
base,Leaky POD/POI,all,medium,3000,0.9902
base,Leaky POD/POI,all,medium,3500,0.9964
base,Leaky POD/POI,all,medium,4000,0.9982
base,Leaky POD/POI,all,medium,4500,1
base,Leaky POD/POI,all,medium,5000,1
base,Leaky POD/POI,all,high,50,0.155
base,Leaky POD/POI,all,high,75,0.272
base,Leaky POD/POI,all,high,100,0.388
base,Leaky POD/POI,all,high,125,0.4912
base,Leaky POD/POI,all,high,150,0.5668
base,Leaky POD/POI,all,high,175,0.6464
base,Leaky POD/POI,all,high,200,0.7228
base,Leaky POD/POI,all,high,250,0.8312
base,Leaky POD/POI,all,high,325,0.9168
base,Leaky POD/POI,all,high,400,0.9642
base,Leaky POD/POI,all,high,500,0.9878
base,Leaky POD/POI,all,high,750,0.9994
base,Leaky POD/POI,all,high,1000,1
base,Leaky POD/POI,all,high,1500,1
base,Leaky POD/POI,all,high,2000,1
base,Leaky POD/POI,all,high,2500,1
base,Leaky POD/POI,all,high,3000,1
base,Leaky POD/POI,all,high,3500,1
base,Leaky POD/POI,all,high,4000,1
base,Leaky POD/POI,all,high,4500,1
base,Leaky POD/POI,all,high,5000,1
base,Leaky POD/POI,onlyneg,low,50,0
base,Leaky POD/POI,onlyneg,low,75,0
base,Leaky POD/POI,onlyneg,low,100,0
base,Leaky POD/POI,onlyneg,low,125,0
base,Leaky POD/POI,onlyneg,low,150,2e-4
base,Leaky POD/POI,onlyneg,low,175,8e-4
base,Leaky POD/POI,onlyneg,low,200,0.0018
base,Leaky POD/POI,onlyneg,low,250,0.004
base,Leaky POD/POI,onlyneg,low,325,0.0124
base,Leaky POD/POI,onlyneg,low,400,0.0292
base,Leaky POD/POI,onlyneg,low,500,0.0474
base,Leaky POD/POI,onlyneg,low,750,0.1342
base,Leaky POD/POI,onlyneg,low,1000,0.2328
base,Leaky POD/POI,onlyneg,low,1500,0.427
base,Leaky POD/POI,onlyneg,low,2000,0.5712
base,Leaky POD/POI,onlyneg,low,2500,0.6896
base,Leaky POD/POI,onlyneg,low,3000,0.7754
base,Leaky POD/POI,onlyneg,low,3500,0.8512
base,Leaky POD/POI,onlyneg,low,4000,0.8974
base,Leaky POD/POI,onlyneg,low,4500,0.936
base,Leaky POD/POI,onlyneg,low,5000,0.9574
base,Leaky POD/POI,onlyneg,medium,50,4e-4
base,Leaky POD/POI,onlyneg,medium,75,0.0018
base,Leaky POD/POI,onlyneg,medium,100,0.0052
base,Leaky POD/POI,onlyneg,medium,125,0.013
base,Leaky POD/POI,onlyneg,medium,150,0.023
base,Leaky POD/POI,onlyneg,medium,175,0.0504
base,Leaky POD/POI,onlyneg,medium,200,0.0694
base,Leaky POD/POI,onlyneg,medium,250,0.1208
base,Leaky POD/POI,onlyneg,medium,325,0.1962
base,Leaky POD/POI,onlyneg,medium,400,0.2832
base,Leaky POD/POI,onlyneg,medium,500,0.3952
base,Leaky POD/POI,onlyneg,medium,750,0.6048
base,Leaky POD/POI,onlyneg,medium,1000,0.75
base,Leaky POD/POI,onlyneg,medium,1500,0.9186
base,Leaky POD/POI,onlyneg,medium,2000,0.9762
base,Leaky POD/POI,onlyneg,medium,2500,0.9914
base,Leaky POD/POI,onlyneg,medium,3000,0.9984
base,Leaky POD/POI,onlyneg,medium,3500,1
base,Leaky POD/POI,onlyneg,medium,4000,0.9998
base,Leaky POD/POI,onlyneg,medium,4500,1
base,Leaky POD/POI,onlyneg,medium,5000,1
base,Leaky POD/POI,onlyneg,high,50,0.2652
base,Leaky POD/POI,onlyneg,high,75,0.4368
base,Leaky POD/POI,onlyneg,high,100,0.592
base,Leaky POD/POI,onlyneg,high,125,0.7018
base,Leaky POD/POI,onlyneg,high,150,0.7864
base,Leaky POD/POI,onlyneg,high,175,0.8548
base,Leaky POD/POI,onlyneg,high,200,0.8978
base,Leaky POD/POI,onlyneg,high,250,0.9598
base,Leaky POD/POI,onlyneg,high,325,0.9896
base,Leaky POD/POI,onlyneg,high,400,0.9974
base,Leaky POD/POI,onlyneg,high,500,1
base,Leaky POD/POI,onlyneg,high,750,1
base,Leaky POD/POI,onlyneg,high,1000,1
base,Leaky POD/POI,onlyneg,high,1500,1
base,Leaky POD/POI,onlyneg,high,2000,1
base,Leaky POD/POI,onlyneg,high,2500,1
base,Leaky POD/POI,onlyneg,high,3000,1
base,Leaky POD/POI,onlyneg,high,3500,1
base,Leaky POD/POI,onlyneg,high,4000,1
base,Leaky POD/POI,onlyneg,high,4500,1
base,Leaky POD/POI,onlyneg,high,5000,1
base,Leaky POI,onlypos,low,50,6e-4
base,Leaky POI,onlypos,low,75,0.0016
base,Leaky POI,onlypos,low,100,0.006
base,Leaky POI,onlypos,low,125,0.0066
base,Leaky POI,onlypos,low,150,0.0122
base,Leaky POI,onlypos,low,175,0.0126
base,Leaky POI,onlypos,low,200,0.016
base,Leaky POI,onlypos,low,250,0.0192
base,Leaky POI,onlypos,low,325,0.0228
base,Leaky POI,onlypos,low,400,0.0216
base,Leaky POI,onlypos,low,500,0.0318
base,Leaky POI,onlypos,low,750,0.0376
base,Leaky POI,onlypos,low,1000,0.0344
base,Leaky POI,onlypos,low,1500,0.039
base,Leaky POI,onlypos,low,2000,0.0402
base,Leaky POI,onlypos,low,2500,0.0426
base,Leaky POI,onlypos,low,3000,0.043
base,Leaky POI,onlypos,low,3500,0.0366
base,Leaky POI,onlypos,low,4000,0.0378
base,Leaky POI,onlypos,low,4500,0.04
base,Leaky POI,onlypos,low,5000,0.0376
base,Leaky POI,onlypos,medium,50,0.0014
base,Leaky POI,onlypos,medium,75,0.004
base,Leaky POI,onlypos,medium,100,0.009
base,Leaky POI,onlypos,medium,125,0.0118
base,Leaky POI,onlypos,medium,150,0.0172
base,Leaky POI,onlypos,medium,175,0.0184
base,Leaky POI,onlypos,medium,200,0.0198
base,Leaky POI,onlypos,medium,250,0.0218
base,Leaky POI,onlypos,medium,325,0.028
base,Leaky POI,onlypos,medium,400,0.0324
base,Leaky POI,onlypos,medium,500,0.036
base,Leaky POI,onlypos,medium,750,0.038
base,Leaky POI,onlypos,medium,1000,0.0378
base,Leaky POI,onlypos,medium,1500,0.0436
base,Leaky POI,onlypos,medium,2000,0.0446
base,Leaky POI,onlypos,medium,2500,0.0502
base,Leaky POI,onlypos,medium,3000,0.0506
base,Leaky POI,onlypos,medium,3500,0.059
base,Leaky POI,onlypos,medium,4000,0.0602
base,Leaky POI,onlypos,medium,4500,0.0638
base,Leaky POI,onlypos,medium,5000,0.0686
base,Leaky POI,onlypos,high,50,0.03
base,Leaky POI,onlypos,high,75,0.0354
base,Leaky POI,onlypos,high,100,0.0466
base,Leaky POI,onlypos,high,125,0.0538
base,Leaky POI,onlypos,high,150,0.0616
base,Leaky POI,onlypos,high,175,0.0748
base,Leaky POI,onlypos,high,200,0.0794
base,Leaky POI,onlypos,high,250,0.0884
base,Leaky POI,onlypos,high,325,0.1242
base,Leaky POI,onlypos,high,400,0.1502
base,Leaky POI,onlypos,high,500,0.1824
base,Leaky POI,onlypos,high,750,0.2588
base,Leaky POI,onlypos,high,1000,0.3318
base,Leaky POI,onlypos,high,1500,0.478
base,Leaky POI,onlypos,high,2000,0.6108
base,Leaky POI,onlypos,high,2500,0.7092
base,Leaky POI,onlypos,high,3000,0.7876
base,Leaky POI,onlypos,high,3500,0.8592
base,Leaky POI,onlypos,high,4000,0.8888
base,Leaky POI,onlypos,high,4500,0.9206
base,Leaky POI,onlypos,high,5000,0.948
base,Leaky POI,all,low,50,2e-4
base,Leaky POI,all,low,75,0
base,Leaky POI,all,low,100,0.001
base,Leaky POI,all,low,125,6e-4
base,Leaky POI,all,low,150,0.003
base,Leaky POI,all,low,175,0.0036
base,Leaky POI,all,low,200,0.006
base,Leaky POI,all,low,250,0.0146
base,Leaky POI,all,low,325,0.0206
base,Leaky POI,all,low,400,0.023
base,Leaky POI,all,low,500,0.0264
base,Leaky POI,all,low,750,0.0388
base,Leaky POI,all,low,1000,0.0456
base,Leaky POI,all,low,1500,0.0568
base,Leaky POI,all,low,2000,0.069
base,Leaky POI,all,low,2500,0.0848
base,Leaky POI,all,low,3000,0.0948
base,Leaky POI,all,low,3500,0.1092
base,Leaky POI,all,low,4000,0.1222
base,Leaky POI,all,low,4500,0.1354
base,Leaky POI,all,low,5000,0.1444
base,Leaky POI,all,medium,50,2e-4
base,Leaky POI,all,medium,75,0.0038
base,Leaky POI,all,medium,100,0.0084
base,Leaky POI,all,medium,125,0.0112
base,Leaky POI,all,medium,150,0.0142
base,Leaky POI,all,medium,175,0.0188
base,Leaky POI,all,medium,200,0.0212
base,Leaky POI,all,medium,250,0.0292
base,Leaky POI,all,medium,325,0.0332
base,Leaky POI,all,medium,400,0.0452
base,Leaky POI,all,medium,500,0.05
base,Leaky POI,all,medium,750,0.0716
base,Leaky POI,all,medium,1000,0.0846
base,Leaky POI,all,medium,1500,0.1224
base,Leaky POI,all,medium,2000,0.1594
base,Leaky POI,all,medium,2500,0.1956
base,Leaky POI,all,medium,3000,0.233
base,Leaky POI,all,medium,3500,0.2692
base,Leaky POI,all,medium,4000,0.311
base,Leaky POI,all,medium,4500,0.3398
base,Leaky POI,all,medium,5000,0.3744
base,Leaky POI,all,high,50,0.0402
base,Leaky POI,all,high,75,0.0562
base,Leaky POI,all,high,100,0.067
base,Leaky POI,all,high,125,0.0886
base,Leaky POI,all,high,150,0.0942
base,Leaky POI,all,high,175,0.1212
base,Leaky POI,all,high,200,0.1358
base,Leaky POI,all,high,250,0.1592
base,Leaky POI,all,high,325,0.2048
base,Leaky POI,all,high,400,0.2544
base,Leaky POI,all,high,500,0.3144
base,Leaky POI,all,high,750,0.4634
base,Leaky POI,all,high,1000,0.5874
base,Leaky POI,all,high,1500,0.7734
base,Leaky POI,all,high,2000,0.8792
base,Leaky POI,all,high,2500,0.9394
base,Leaky POI,all,high,3000,0.9686
base,Leaky POI,all,high,3500,0.9862
base,Leaky POI,all,high,4000,0.992
base,Leaky POI,all,high,4500,0.9968
base,Leaky POI,all,high,5000,0.9984
base,Leaky POI,onlyneg,low,50,0
base,Leaky POI,onlyneg,low,75,0
base,Leaky POI,onlyneg,low,100,0
base,Leaky POI,onlyneg,low,125,0
base,Leaky POI,onlyneg,low,150,2e-4
base,Leaky POI,onlyneg,low,175,6e-4
base,Leaky POI,onlyneg,low,200,0.0012
base,Leaky POI,onlyneg,low,250,0.003
base,Leaky POI,onlyneg,low,325,0.007
base,Leaky POI,onlyneg,low,400,0.0132
base,Leaky POI,onlyneg,low,500,0.022
base,Leaky POI,onlyneg,low,750,0.0534
base,Leaky POI,onlyneg,low,1000,0.0942
base,Leaky POI,onlyneg,low,1500,0.1718
base,Leaky POI,onlyneg,low,2000,0.2172
base,Leaky POI,onlyneg,low,2500,0.285
base,Leaky POI,onlyneg,low,3000,0.3488
base,Leaky POI,onlyneg,low,3500,0.4204
base,Leaky POI,onlyneg,low,4000,0.4822
base,Leaky POI,onlyneg,low,4500,0.5332
base,Leaky POI,onlyneg,low,5000,0.571
base,Leaky POI,onlyneg,medium,50,0
base,Leaky POI,onlyneg,medium,75,0.0012
base,Leaky POI,onlyneg,medium,100,0.0056
base,Leaky POI,onlyneg,medium,125,0.0066
base,Leaky POI,onlyneg,medium,150,0.015
base,Leaky POI,onlyneg,medium,175,0.0264
base,Leaky POI,onlyneg,medium,200,0.0348
base,Leaky POI,onlyneg,medium,250,0.0506
base,Leaky POI,onlyneg,medium,325,0.0764
base,Leaky POI,onlyneg,medium,400,0.109
base,Leaky POI,onlyneg,medium,500,0.1482
base,Leaky POI,onlyneg,medium,750,0.2342
base,Leaky POI,onlyneg,medium,1000,0.3272
base,Leaky POI,onlyneg,medium,1500,0.4926
base,Leaky POI,onlyneg,medium,2000,0.6268
base,Leaky POI,onlyneg,medium,2500,0.7336
base,Leaky POI,onlyneg,medium,3000,0.812
base,Leaky POI,onlyneg,medium,3500,0.8662
base,Leaky POI,onlyneg,medium,4000,0.9176
base,Leaky POI,onlyneg,medium,4500,0.944
base,Leaky POI,onlyneg,medium,5000,0.9644
base,Leaky POI,onlyneg,high,50,0.0776
base,Leaky POI,onlyneg,high,75,0.1182
base,Leaky POI,onlyneg,high,100,0.1512
base,Leaky POI,onlyneg,high,125,0.1842
base,Leaky POI,onlyneg,high,150,0.236
base,Leaky POI,onlyneg,high,175,0.27
base,Leaky POI,onlyneg,high,200,0.312
base,Leaky POI,onlyneg,high,250,0.3934
base,Leaky POI,onlyneg,high,325,0.4902
base,Leaky POI,onlyneg,high,400,0.5806
base,Leaky POI,onlyneg,high,500,0.686
base,Leaky POI,onlyneg,high,750,0.863
base,Leaky POI,onlyneg,high,1000,0.9482
base,Leaky POI,onlyneg,high,1500,0.9922
base,Leaky POI,onlyneg,high,2000,0.999
base,Leaky POI,onlyneg,high,2500,0.9998
base,Leaky POI,onlyneg,high,3000,1
base,Leaky POI,onlyneg,high,3500,1
base,Leaky POI,onlyneg,high,4000,1
base,Leaky POI,onlyneg,high,4500,1
base,Leaky POI,onlyneg,high,5000,1
